{
  "ExtractionConversion": [
    {
      "RootDir": "@@rootPath@@",
      "Feed": ["mobile_lending_report"],
      "Buckets": 4096,
      "RunType": "daily",
      "FeedType":"mobile_lending_report",
      "ExtractionCfg": "@@rootPath@@/apiextraction/config/mfs_extraction_config.conf",
      "ExtractedPath": "hdfs://@@apiExtractedPath@@",
      "ExtractionAuditLoc":"file://@@rootPath@@/apilogs/mfs_ext_audit_grp",
      "ExtractionLib":"@@extractLib@@",
      "ConversionLib":"@@convertLib@@",
      "RunExtraction":true,
      "RunConversion":true,
      "ConversionRunId":"",
      "ExtractionDriverMemory": "20G",
      "ExtractionExecutorMemory":"20G",
      "ExtractionExecutors":"16",
      "ExtractionExecutorLog":"@@rootPath@@/apiextraction/config/mfs_extraction_executor_log4j.properties",
      "ConversionDriverMemory": "6G",
      "ConversionExecutorMemory":"15G",
      "ConversionExecutors":"15",
      "ConversionCfgTmpl": "@@rootPath@@/apiconversion/config/mfs_conversion_config.tmpl",
      "ConversionCfg": "@@rootPath@@/apiconversion/config/mfs_conversion_config.json",
      "ConvertedPath":  "@@rootPath@@/apidata/cdrs",
      "ConversionExecutorLog":"@@rootPath@@/apiconversion/config/mfs_conversion_executor_log4j2.xml",
      "ConversionDriverLog":"@@rootPath@@/apiconversion/config/mfs_conversion_driver_log4j2.xml",
      "Groups": 16,
      "AuditFileGroup": "mfs_group",
      "AuditLoc": "@@rootPath@@/apidata",
      "LogType":"WARN"
    },
    {
      "RootDir": "@@rootPath@@",
      "Feed": ["mobile_lending_report_adept"],
      "Buckets": 4096,
      "RunType": "daily",
      "FeedType":"mobile_lending_report_adept",
      "ExtractionCfg": "@@rootPath@@/apiextraction/config/mfs_extraction_config.conf",
      "ExtractedPath": "hdfs://@@apiExtractedPath@@",
      "ExtractionAuditLoc":"file://@@rootPath@@/apilogs/mfs_ext_audit_grp",
      "ExtractionLib":"@@extractLib@@",
      "ConversionLib":"@@convertLib@@",
      "RunExtraction":true,
      "RunConversion":true,
      "ConversionRunId":"",
      "ExtractionDriverMemory": "20G",
      "ExtractionExecutorMemory":"20G",
      "ExtractionExecutors":"16",
      "ExtractionExecutorLog":"@@rootPath@@/apiextraction/config/mfs_extraction_executor_log4j.properties",
      "ConversionDriverMemory": "6G",
      "ConversionExecutorMemory":"15G",
      "ConversionExecutors":"15",
      "ConversionCfgTmpl": "@@rootPath@@/apiconversion/config/mfs_conversion_config.tmpl",
      "ConversionCfg": "@@rootPath@@/apiconversion/config/mfs_conversion_config.json",
      "ConvertedPath":  "@@rootPath@@/apidata/cdrs",
      "ConversionExecutorLog":"@@rootPath@@/apiconversion/config/mfs_conversion_executor_log4j2.xml",
      "ConversionDriverLog":"@@rootPath@@/apiconversion/config/mfs_conversion_driver_log4j2.xml",
      "Groups": 16,
      "AuditFileGroup": "mfs_group",
      "AuditLoc": "@@rootPath@@/apidata",
      "LogType":"WARN"
    }
]}
